<?xml version="1.0" encoding="UTF-8"?>
<metadata xml:lang="en"><Esri><CreaDate>20220623</CreaDate><CreaTime>15594200</CreaTime><ArcGISFormat>1.0</ArcGISFormat><SyncOnce>FALSE</SyncOnce><DataProperties><itemProps><itemName Sync="TRUE">LGA_2022_AUST_GDA94</itemName><imsContentType Sync="TRUE">002</imsContentType><itemSize Sync="TRUE">0.000</itemSize><itemLocation><linkage Sync="TRUE">file://\\corp\absdfs\workgroup\Geography\Work\ASGS 2022 Datapacks\Non ABS Structures 2022\Shapefiles\LGA_2022_AUST_GDA94.shp</linkage><protocol Sync="TRUE">Local Area Network</protocol></itemLocation></itemProps><coordRef><type Sync="TRUE">Geographic</type><geogcsn Sync="TRUE">GCS_GDA_1994</geogcsn><csUnits Sync="TRUE">Angular Unit: Degree (0.017453)</csUnits><peXml Sync="TRUE">&lt;GeographicCoordinateSystem xsi:type='typens:GeographicCoordinateSystem' xmlns:xsi='http://www.w3.org/2001/XMLSchema-instance' xmlns:xs='http://www.w3.org/2001/XMLSchema' xmlns:typens='http://www.esri.com/schemas/ArcGIS/2.7.0'&gt;&lt;WKT&gt;GEOGCS[&amp;quot;GCS_GDA_1994&amp;quot;,DATUM[&amp;quot;D_GDA_1994&amp;quot;,SPHEROID[&amp;quot;GRS_1980&amp;quot;,6378137.0,298.257222101]],PRIMEM[&amp;quot;Greenwich&amp;quot;,0.0],UNIT[&amp;quot;Degree&amp;quot;,0.0174532925199433],AUTHORITY[&amp;quot;EPSG&amp;quot;,4283]]&lt;/WKT&gt;&lt;XOrigin&gt;-400&lt;/XOrigin&gt;&lt;YOrigin&gt;-400&lt;/YOrigin&gt;&lt;XYScale&gt;11258999068426.238&lt;/XYScale&gt;&lt;ZOrigin&gt;-100000&lt;/ZOrigin&gt;&lt;ZScale&gt;10000&lt;/ZScale&gt;&lt;MOrigin&gt;-100000&lt;/MOrigin&gt;&lt;MScale&gt;10000&lt;/MScale&gt;&lt;XYTolerance&gt;8.9831528411952133e-09&lt;/XYTolerance&gt;&lt;ZTolerance&gt;0.001&lt;/ZTolerance&gt;&lt;MTolerance&gt;0.001&lt;/MTolerance&gt;&lt;HighPrecision&gt;true&lt;/HighPrecision&gt;&lt;LeftLongitude&gt;-180&lt;/LeftLongitude&gt;&lt;WKID&gt;4283&lt;/WKID&gt;&lt;LatestWKID&gt;4283&lt;/LatestWKID&gt;&lt;/GeographicCoordinateSystem&gt;</peXml></coordRef><lineage><Process ToolSource="c:\program files\arcgis\pro\Resources\ArcToolbox\toolboxes\Conversion Tools.tbx\FeatureClassToFeatureClass" Date="20220623" Time="155945">FeatureClassToFeatureClass "S:\Work\ASGS 2022 Datapacks\Non ABS Structures 2022\Shapefiles\Shapefiles to convert.gdb\LGA_2022_AUST_GDA94" "S:\Work\ASGS 2022 Datapacks\Non ABS Structures 2022\Shapefiles" LGA_2022_AUST_GDA94.shp # "LGA_CODE22 "LGA_CODE22" true true false 5 Text 0 0,First,#,S:\Work\ASGS 2022 Datapacks\Non ABS Structures 2022\Shapefiles\Shapefiles to convert.gdb\LGA_2022_AUST_GDA94,LGA_CODE22,0,5;LGA_NAME22 "LGA_NAME22" true true false 50 Text 0 0,First,#,S:\Work\ASGS 2022 Datapacks\Non ABS Structures 2022\Shapefiles\Shapefiles to convert.gdb\LGA_2022_AUST_GDA94,LGA_NAME22,0,50;STE_CODE21 "STE_CODE21" true true false 1 Text 0 0,First,#,S:\Work\ASGS 2022 Datapacks\Non ABS Structures 2022\Shapefiles\Shapefiles to convert.gdb\LGA_2022_AUST_GDA94,STE_CODE21,0,1;STE_NAME21 "STE_NAME21" true true false 50 Text 0 0,First,#,S:\Work\ASGS 2022 Datapacks\Non ABS Structures 2022\Shapefiles\Shapefiles to convert.gdb\LGA_2022_AUST_GDA94,STE_NAME21,0,50;AUS_CODE21 "AUS_CODE21" true true false 3 Text 0 0,First,#,S:\Work\ASGS 2022 Datapacks\Non ABS Structures 2022\Shapefiles\Shapefiles to convert.gdb\LGA_2022_AUST_GDA94,AUS_CODE21,0,3;AUS_NAME21 "AUS_NAME21" true true false 50 Text 0 0,First,#,S:\Work\ASGS 2022 Datapacks\Non ABS Structures 2022\Shapefiles\Shapefiles to convert.gdb\LGA_2022_AUST_GDA94,AUS_NAME21,0,50;AREASQKM "AREASQKM" true true false 8 Double 0 0,First,#,S:\Work\ASGS 2022 Datapacks\Non ABS Structures 2022\Shapefiles\Shapefiles to convert.gdb\LGA_2022_AUST_GDA94,AREASQKM,-1,-1;LOCI_URI21 "LOCI_URI21" true true false 254 Text 0 0,First,#,S:\Work\ASGS 2022 Datapacks\Non ABS Structures 2022\Shapefiles\Shapefiles to convert.gdb\LGA_2022_AUST_GDA94,LOCI_URI21,0,254;SHAPE_Length "SHAPE_Length" false true true 8 Double 0 0,First,#,S:\Work\ASGS 2022 Datapacks\Non ABS Structures 2022\Shapefiles\Shapefiles to convert.gdb\LGA_2022_AUST_GDA94,SHAPE_Length,-1,-1;SHAPE_Area "SHAPE_Area" false true true 8 Double 0 0,First,#,S:\Work\ASGS 2022 Datapacks\Non ABS Structures 2022\Shapefiles\Shapefiles to convert.gdb\LGA_2022_AUST_GDA94,SHAPE_Area,-1,-1" #</Process></lineage></DataProperties><SyncDate>20220623</SyncDate><SyncTime>15594200</SyncTime><ModDate>20220623</ModDate><ModTime>15594200</ModTime></Esri><dataIdInfo><envirDesc Sync="TRUE">Microsoft Windows Server 2012 Version 6.2 (Build 9200) ; Esri ArcGIS 12.7.0.26828</envirDesc><dataLang><languageCode value="eng" Sync="TRUE"></languageCode><countryCode value="AUS" Sync="TRUE"></countryCode></dataLang><idCitation><resTitle Sync="TRUE">LGA_2022_AUST_GDA94</resTitle><presForm><PresFormCd value="005" Sync="TRUE"></PresFormCd></presForm></idCitation><spatRpType><SpatRepTypCd value="001" Sync="TRUE"></SpatRepTypCd></spatRpType></dataIdInfo><mdLang><languageCode value="eng" Sync="TRUE"></languageCode><countryCode value="AUS" Sync="TRUE"></countryCode></mdLang><mdChar><CharSetCd value="004" Sync="TRUE"></CharSetCd></mdChar><distInfo><distFormat><formatName Sync="TRUE">Shapefile</formatName></distFormat><distTranOps><transSize Sync="TRUE">0.000</transSize></distTranOps></distInfo><mdHrLv><ScopeCd value="005" Sync="TRUE"></ScopeCd></mdHrLv><mdHrLvName Sync="TRUE">dataset</mdHrLvName><refSysInfo><RefSystem><refSysID><identCode code="4283" Sync="TRUE"></identCode><idCodeSpace Sync="TRUE">EPSG</idCodeSpace><idVersion Sync="TRUE">6.5(3.0.1)</idVersion></refSysID></RefSystem></refSysInfo><spatRepInfo><VectSpatRep><geometObjs Name="LGA_2022_AUST_GDA94"><geoObjTyp><GeoObjTypCd value="002" Sync="TRUE"></GeoObjTypCd></geoObjTyp><geoObjCnt Sync="TRUE">0</geoObjCnt></geometObjs><topLvl><TopoLevCd value="001" Sync="TRUE"></TopoLevCd></topLvl></VectSpatRep></spatRepInfo><spdoinfo><ptvctinf><esriterm Name="LGA_2022_AUST_GDA94"><efeatyp Sync="TRUE">Simple</efeatyp><efeageom code="4" Sync="TRUE"></efeageom><esritopo Sync="TRUE">FALSE</esritopo><efeacnt Sync="TRUE">0</efeacnt><spindex Sync="TRUE">FALSE</spindex><linrefer Sync="TRUE">FALSE</linrefer></esriterm></ptvctinf></spdoinfo><eainfo><detailed Name="LGA_2022_AUST_GDA94"><enttyp><enttypl Sync="TRUE">LGA_2022_AUST_GDA94</enttypl><enttypt Sync="TRUE">Feature Class</enttypt><enttypc Sync="TRUE">0</enttypc></enttyp><attr><attrlabl Sync="TRUE">FID</attrlabl><attalias Sync="TRUE">FID</attalias><attrtype Sync="TRUE">OID</attrtype><attwidth Sync="TRUE">4</attwidth><atprecis Sync="TRUE">0</atprecis><attscale Sync="TRUE">0</attscale><attrdef Sync="TRUE">Internal feature number.</attrdef><attrdefs Sync="TRUE">Esri</attrdefs><attrdomv><udom Sync="TRUE">Sequential unique whole numbers that are automatically generated.</udom></attrdomv></attr><attr><attrlabl Sync="TRUE">Shape</attrlabl><attalias Sync="TRUE">Shape</attalias><attrtype Sync="TRUE">Geometry</attrtype><attwidth Sync="TRUE">0</attwidth><atprecis Sync="TRUE">0</atprecis><attscale Sync="TRUE">0</attscale><attrdef Sync="TRUE">Feature geometry.</attrdef><attrdefs Sync="TRUE">Esri</attrdefs><attrdomv><udom Sync="TRUE">Coordinates defining the features.</udom></attrdomv></attr><attr><attrlabl Sync="TRUE">LGA_CODE22</attrlabl><attalias Sync="TRUE">LGA_CODE22</attalias><attrtype Sync="TRUE">String</attrtype><attwidth Sync="TRUE">5</attwidth><atprecis Sync="TRUE">0</atprecis><attscale Sync="TRUE">0</attscale></attr><attr><attrlabl Sync="TRUE">LGA_NAME22</attrlabl><attalias Sync="TRUE">LGA_NAME22</attalias><attrtype Sync="TRUE">String</attrtype><attwidth Sync="TRUE">50</attwidth><atprecis Sync="TRUE">0</atprecis><attscale Sync="TRUE">0</attscale></attr><attr><attrlabl Sync="TRUE">STE_CODE21</attrlabl><attalias Sync="TRUE">STE_CODE21</attalias><attrtype Sync="TRUE">String</attrtype><attwidth Sync="TRUE">1</attwidth><atprecis Sync="TRUE">0</atprecis><attscale Sync="TRUE">0</attscale></attr><attr><attrlabl Sync="TRUE">STE_NAME21</attrlabl><attalias Sync="TRUE">STE_NAME21</attalias><attrtype Sync="TRUE">String</attrtype><attwidth Sync="TRUE">50</attwidth><atprecis Sync="TRUE">0</atprecis><attscale Sync="TRUE">0</attscale></attr><attr><attrlabl Sync="TRUE">AUS_CODE21</attrlabl><attalias Sync="TRUE">AUS_CODE21</attalias><attrtype Sync="TRUE">String</attrtype><attwidth Sync="TRUE">3</attwidth><atprecis Sync="TRUE">0</atprecis><attscale Sync="TRUE">0</attscale></attr><attr><attrlabl Sync="TRUE">AUS_NAME21</attrlabl><attalias Sync="TRUE">AUS_NAME21</attalias><attrtype Sync="TRUE">String</attrtype><attwidth Sync="TRUE">50</attwidth><atprecis Sync="TRUE">0</atprecis><attscale Sync="TRUE">0</attscale></attr><attr><attrlabl Sync="TRUE">AREASQKM</attrlabl><attalias Sync="TRUE">AREASQKM</attalias><attrtype Sync="TRUE">Double</attrtype><attwidth Sync="TRUE">19</attwidth><atprecis Sync="TRUE">0</atprecis><attscale Sync="TRUE">0</attscale></attr><attr><attrlabl Sync="TRUE">LOCI_URI21</attrlabl><attalias Sync="TRUE">LOCI_URI21</attalias><attrtype Sync="TRUE">String</attrtype><attwidth Sync="TRUE">254</attwidth><atprecis Sync="TRUE">0</atprecis><attscale Sync="TRUE">0</attscale></attr><attr><attrlabl Sync="TRUE">SHAPE_Leng</attrlabl><attalias Sync="TRUE">SHAPE_Leng</attalias><attrtype Sync="TRUE">Double</attrtype><attwidth Sync="TRUE">19</attwidth><atprecis Sync="TRUE">0</atprecis><attscale Sync="TRUE">0</attscale></attr><attr><attrlabl Sync="TRUE">SHAPE_Area</attrlabl><attalias Sync="TRUE">SHAPE_Area</attalias><attrtype Sync="TRUE">Double</attrtype><attwidth Sync="TRUE">19</attwidth><atprecis Sync="TRUE">0</atprecis><attscale Sync="TRUE">0</attscale><attrdef Sync="TRUE">Area of feature in internal units squared.</attrdef><attrdefs Sync="TRUE">Esri</attrdefs><attrdomv><udom Sync="TRUE">Positive real numbers that are automatically generated.</udom></attrdomv></attr></detailed></eainfo><mdDateSt Sync="TRUE">20220623</mdDateSt></metadata>
